{
    "COUNTRY": {
      "columns": [
        {
          "name": "COUNTRY_ID",
          "type": "INTEGER",
          "nullable": false,
          "default": null,
          "autoincrement": true,
          "comment": null,
          "identity": {
            "start": 1,
            "increment": 1
          }
        },
        {
          "name": "COUNTRY",
          "type": "VARCHAR(50)",
          "nullable": false,
          "default": null,
          "autoincrement": false,
          "comment": null
        },
        {
          "name": "LAST_UPDATE",
          "type": "DATETIME",
          "nullable": false,
          "default": "GETDATE()",
          "autoincrement": false,
          "comment": null
        }
      ],
      "primary_keys": {
        "name": "COUNTRY_PK",
        "constrained_columns": ["COUNTRY_ID"]
      },
      "foreign_keys": [],
      "indexes": []
    },
    "CITY": {
      "columns": [
        {
          "name": "CITY_ID",
          "type": "INTEGER",
          "nullable": false,
          "default": null,
          "autoincrement": true,
          "comment": null,
          "identity": {
            "start": 1,
            "increment": 1
          }
        },
        {
          "name": "CITY",
          "type": "VARCHAR(50)",
          "nullable": false,
          "default": null,
          "autoincrement": false,
          "comment": null
        },
        {
          "name": "COUNTRY_ID",
          "type": "INTEGER",
          "nullable": false,
          "default": null,
          "autoincrement": false,
          "comment": "Foreign key referencing COUNTRY_ID in COUNTRY"
        },
        {
          "name": "LAST_UPDATE",
          "type": "DATETIME",
          "nullable": false,
          "default": "GETDATE()",
          "autoincrement": false,
          "comment": null
        }
      ],
      "primary_keys": {
        "name": "CITY_PK",
        "constrained_columns": ["CITY_ID"]
      },
      "foreign_keys": [
        {
          "name": "CITY_COUNTRY_FK",
          "column_names": ["COUNTRY_ID"],
          "reference_table": "COUNTRY",
          "reference_column": ["COUNTRY_ID"]
        }
      ],
      "indexes": []
    },
    "ADDRESS": {
      "columns": [
        {
          "name": "ADDRESS_ID",
          "type": "INTEGER",
          "nullable": false,
          "default": null,
          "autoincrement": true,
          "comment": null,
          "identity": {
            "start": 1,
            "increment": 1
          }
        },
        {
          "name": "ADDRESS",
          "type": "VARCHAR(100)",
          "nullable": false,
          "default": null,
          "autoincrement": false,
          "comment": null
        },
        {
          "name": "ADDRESS2",
          "type": "VARCHAR(100)",
          "nullable": true,
          "default": null,
          "autoincrement": false,
          "comment": null
        },
        {
          "name": "DISTRICT",
          "type": "VARCHAR(20)",
          "nullable": false,
          "default": null,
          "autoincrement": false,
          "comment": null
        },
        {
          "name": "CITY_ID",
          "type": "INTEGER",
          "nullable": false,
          "default": null,
          "autoincrement": false,
          "comment": "Foreign key referencing CITY_ID in CITY"
        },
        {
          "name": "POSTAL_CODE",
          "type": "VARCHAR(10)",
          "nullable": false,
          "default": null,
          "autoincrement": false,
          "comment": null
        },
        {
          "name": "PHONE",
          "type": "VARCHAR(20)",
          "nullable": false,
          "default": null,
          "autoincrement": false,
          "comment": null
        },
        {
          "name": "LAST_UPDATE",
          "type": "DATETIME",
          "nullable": false,
          "default": "GETDATE()",
          "autoincrement": false,
          "comment": null
        }
      ],
      "primary_keys": {
        "name": "ADDRESS_PK",
        "constrained_columns": ["ADDRESS_ID"]
      },
      "foreign_keys": [
        {
          "name": "ADDRESS_CITY_FK",
          "column_names": ["CITY_ID"],
          "reference_table": "CITY",
          "reference_column": ["CITY_ID"]
        }
      ],
      "indexes": []
    },
    "LANGUAGE": {
      "columns": [
        {
          "name": "LANGUAGE_ID",
          "type": "INTEGER",
          "nullable": false,
          "default": null,
          "autoincrement": true,
          "comment": null,
          "identity": {
            "start": 1,
            "increment": 1
          }
        },
        {
          "name": "NAME",
          "type": "VARCHAR(20)",
          "nullable": false,
          "default": null,
          "autoincrement": false,
          "comment": null
        },
        {
          "name": "LAST_UPDATE",
          "type": "DATETIME",
          "nullable": false,
          "default": "GETDATE()",
          "autoincrement": false,
          "comment": null
        }
      ],
      "primary_keys": {
        "name": "LANGUAGE_PK",
        "constrained_columns": ["LANGUAGE_ID"]
      },
      "foreign_keys": [],
      "indexes": []
    },
    "CATEGORY": {
      "columns": [
        {
          "name": "CATEGORY_ID",
          "type": "INTEGER",
          "nullable": false,
          "default": null,
          "autoincrement": true,
          "comment": null,
          "identity": {
            "start": 1,
            "increment": 1
          }
        },
        {
          "name": "NAME",
          "type": "VARCHAR(25)",
          "nullable": false,
          "default": null,
          "autoincrement": false,
          "comment": null
        },
        {
          "name": "LAST_UPDATE",
          "type": "DATETIME",
          "nullable": false,
          "default": "GETDATE()",
          "autoincrement": false,
          "comment": null
        }
      ],
      "primary_keys": {
        "name": "CATEGORY_PK",
        "constrained_columns": ["CATEGORY_ID"]
      },
      "foreign_keys": [],
      "indexes": []
    },
    "FILM": {
      "columns": [
        {
          "name": "FILM_ID",
          "type": "INTEGER",
          "nullable": false,
          "default": null,
          "autoincrement": true,
          "comment": null,
          "identity": {
            "start": 1,
            "increment": 1
          }
        },
        {
          "name": "TITLE",
          "type": "VARCHAR(100)",
          "nullable": false,
          "default": null,
          "autoincrement": false,
          "comment": null
        },
        {
          "name": "DESCRIPTION",
          "type": "TEXT",
          "nullable": true,
          "default": null,
          "autoincrement": false,
          "comment": null
        },
        {
          "name": "RELEASE_YEAR",
          "type": "YEAR",
          "nullable": true,
          "default": null,
          "autoincrement": false,
          "comment": null
        },
        {
          "name": "LANGUAGE_ID",
          "type": "INTEGER",
          "nullable": false,
          "default": null,
          "autoincrement": false,
          "comment": "Foreign key referencing LANGUAGE_ID in LANGUAGE"
        },
        {
          "name": "ORIGINAL_LANGUAGE_ID",
          "type": "INTEGER",
          "nullable": true,
          "default": null,
          "autoincrement": false,
          "comment": "Foreign key referencing LANGUAGE_ID in LANGUAGE"
        },
        {
          "name": "RENTAL_DURATION",
          "type": "INTEGER",
          "nullable": false,
          "default": 3,
          "autoincrement": false,
          "comment": null
        },
        {
          "name": "RENTAL_RATE",
          "type": "DECIMAL(4,2)",
          "nullable": false,
          "default": 4.99,
          "autoincrement": false,
          "comment": null
        },
        {
          "name": "LENGTH",
          "type": "INTEGER",
          "nullable": true,
          "default": null,
          "autoincrement": false,
          "comment": null
        },
        {
          "name": "REPLACEMENT_COST",
          "type": "DECIMAL(5,2)",
          "nullable": false,
          "default": 19.99,
          "autoincrement": false,
          "comment": null
        },
        {
          "name": "RATING",
          "type": "VARCHAR(10)",
          "nullable": true,
          "default": "G",
          "autoincrement": false,
          "comment": null
        },
        {
          "name": "SPECIAL_FEATURES",
          "type": "SET('Trailers','Commentaries','Deleted Scenes','Behind the Scenes')",
          "nullable": true,
          "default": null,
          "autoincrement": false,
          "comment": null
        },
        {
          "name": "LAST_UPDATE",
          "type": "DATETIME",
          "nullable": false,
          "default": "GETDATE()",
          "autoincrement": false,
          "comment": null
        }
      ],
      "primary_keys": {
        "name": "FILM_PK",
        "constrained_columns": ["FILM_ID"]
      },
      "foreign_keys": [
        {
          "name": "FILM_LANGUAGE_FK",
          "column_names": ["LANGUAGE_ID"],
          "reference_table": "LANGUAGE",
          "reference_column": ["LANGUAGE_ID"]
        },
        {
          "name": "FILM_ORIGINAL_LANGUAGE_FK",
          "column_names": ["ORIGINAL_LANGUAGE_ID"],
          "reference_table": "LANGUAGE",
          "reference_column": ["LANGUAGE_ID"]
        }
      ],
      "indexes": []
    },
    "FILM_ACTOR": {
      "columns": [
        {
          "name": "ACTOR_ID",
          "type": "INTEGER",
          "nullable": false,
          "default": null,
          "autoincrement": false,
          "comment": "Foreign key referencing ACTOR_ID in ACTOR"
        },
        {
          "name": "FILM_ID",
          "type": "INTEGER",
          "nullable": false,
          "default": null,
          "autoincrement": false,
          "comment": "Foreign key referencing FILM_ID in FILM"
        },
        {
          "name": "LAST_UPDATE",
          "type": "DATETIME",
          "nullable": false,
          "default": "GETDATE()",
          "autoincrement": false,
          "comment": null
        }
      ],
      "primary_keys": {
        "name": "FILM_ACTOR_PK",
        "constrained_columns": ["ACTOR_ID", "FILM_ID"]
      },
      "foreign_keys": [
        {
          "name": "FILM_ACTOR_ACTOR_FK",
          "column_names": ["ACTOR_ID"],
          "reference_table": "ACTOR",
          "reference_column": ["ACTOR_ID"]
        },
        {
          "name": "FILM_ACTOR_FILM_FK",
          "column_names": ["FILM_ID"],
          "reference_table": "FILM",
          "reference_column": ["FILM_ID"]
        }
      ],
      "indexes": []
    },
    "FILM_CATEGORY": {
      "columns": [
        {
          "name": "FILM_ID",
          "type": "INTEGER",
          "nullable": false,
          "default": null,
          "autoincrement": false,
          "comment": "Foreign key referencing FILM_ID in FILM"
        },
        {
          "name": "CATEGORY_ID",
          "type": "INTEGER",
          "nullable": false,
          "default": null,
          "autoincrement": false,
          "comment": "Foreign key referencing CATEGORY_ID in CATEGORY"
        },
        {
          "name": "LAST_UPDATE",
          "type": "DATETIME",
          "nullable": false,
          "default": "GETDATE()",
          "autoincrement": false,
          "comment": null
        }
      ],
      "primary_keys": {
        "name": "FILM_CATEGORY_PK",
        "constrained_columns": ["FILM_ID", "CATEGORY_ID"]
      },
      "foreign_keys": [
        {
          "name": "FILM_CATEGORY_FILM_FK",
          "column_names": ["FILM_ID"],
          "reference_table": "FILM",
          "reference_column": ["FILM_ID"]
        },
        {
          "name": "FILM_CATEGORY_CATEGORY_FK",
          "column_names": ["CATEGORY_ID"],
          "reference_table": "CATEGORY",
          "reference_column": ["CATEGORY_ID"]
        }
      ],
      "indexes": []
    },
    "ACTOR": {
      "columns": [
        {
          "name": "ACTOR_ID",
          "type": "INTEGER",
          "nullable": false,
          "default": null,
          "autoincrement": true,
          "comment": null,
          "identity": {
            "start": 1,
            "increment": 1
          }
        },
        {
          "name": "FIRST_NAME",
          "type": "VARCHAR(45)",
          "nullable": false,
          "default": null,
          "autoincrement": false,
          "comment": null
        },
        {
          "name": "LAST_NAME",
          "type": "VARCHAR(45)",
          "nullable": false,
          "default": null,
          "autoincrement": false,
          "comment": null
        },
        {
          "name": "LAST_UPDATE",
          "type": "DATETIME",
          "nullable": false,
          "default": "GETDATE()",
          "autoincrement": false,
          "comment": null
        }
      ],
      "primary_keys": {
        "name": "ACTOR_PK",
        "constrained_columns": ["ACTOR_ID"]
      },
      "foreign_keys": [],
      "indexes": []
    },
    "FILM_TEXT": {
      "columns": [
        {
          "name": "FILM_ID",
          "type": "INTEGER",
          "nullable": false,
          "default": null,
          "autoincrement": false,
          "comment": "Primary key"
        },
        {
          "name": "TITLE",
          "type": "VARCHAR(255)",
          "nullable": false,
          "default": null,
          "autoincrement": false,
          "comment": null
        },
        {
          "name": "DESCRIPTION",
          "type": "TEXT",
          "nullable": true,
          "default": null,
          "autoincrement": false,
          "comment": null
        }
      ],
      "primary_keys": {
        "name": "FILM_TEXT_PK",
        "constrained_columns": ["FILM_ID"]
      },
      "foreign_keys": [],
      "indexes": []
    },
    "INVENTORY": {
      "columns": [
        {
          "name": "INVENTORY_ID",
          "type": "INTEGER",
          "nullable": false,
          "default": null,
          "autoincrement": true,
          "comment": null,
          "identity": {
            "start": 1,
            "increment": 1
          }
        },
        {
          "name": "FILM_ID",
          "type": "INTEGER",
          "nullable": false,
          "default": null,
          "autoincrement": false,
          "comment": "Foreign key referencing FILM_ID in FILM"
        },
        {
          "name": "STORE_ID",
          "type": "INTEGER",
          "nullable": false,
          "default": null,
          "autoincrement": false,
          "comment": "Foreign key referencing STORE_ID in STORE"
        },
        {
          "name": "LAST_UPDATE",
          "type": "DATETIME",
          "nullable": false,
          "default": "GETDATE()",
          "autoincrement": false,
          "comment": null
        }
      ],
      "primary_keys": {
        "name": "INVENTORY_PK",
        "constrained_columns": ["INVENTORY_ID"]
      },
      "foreign_keys": [
        {
          "name": "INVENTORY_FILM_FK",
          "column_names": ["FILM_ID"],
          "reference_table": "FILM",
          "reference_column": ["FILM_ID"]
        },
        {
          "name": "INVENTORY_STORE_FK",
          "column_names": ["STORE_ID"],
          "reference_table": "STORE",
          "reference_column": ["STORE_ID"]
        }
      ],
      "indexes": []
    },
    "RENTAL": {
      "columns": [
        {
          "name": "RENTAL_ID",
          "type": "INTEGER",
          "nullable": false,
          "default": null,
          "autoincrement": true,
          "comment": null,
          "identity": {
            "start": 1,
            "increment": 1
          }
        },
        {
          "name": "RENTAL_DATE",
          "type": "DATETIME",
          "nullable": false,
          "default": "GETDATE()",
          "autoincrement": false,
          "comment": null
        },
        {
          "name": "INVENTORY_ID",
          "type": "INTEGER",
          "nullable": false,
          "default": null,
          "autoincrement": false,
          "comment": "Foreign key referencing INVENTORY_ID in INVENTORY"
        },
        {
          "name": "CUSTOMER_ID",
          "type": "INTEGER",
          "nullable": false,
          "default": null,
          "autoincrement": false,
          "comment": "Foreign key referencing CUSTOMER_ID in CUSTOMER"
        },
        {
          "name": "RETURN_DATE",
          "type": "DATETIME",
          "nullable": true,
          "default": null,
          "autoincrement": false,
          "comment": null
        },
        {
          "name": "STAFF_ID",
          "type": "INTEGER",
          "nullable": false,
          "default": null,
          "autoincrement": false,
          "comment": "Foreign key referencing STAFF_ID in STAFF"
        },
        {
          "name": "LAST_UPDATE",
          "type": "DATETIME",
          "nullable": false,
          "default": "GETDATE()",
          "autoincrement": false,
          "comment": null
        }
      ],
      "primary_keys": {
        "name": "RENTAL_PK",
        "constrained_columns": ["RENTAL_ID"]
      },
      "foreign_keys": [
        {
          "name": "RENTAL_INVENTORY_FK",
          "column_names": ["INVENTORY_ID"],
          "reference_table": "INVENTORY",
          "reference_column": ["INVENTORY_ID"]
        },
        {
          "name": "RENTAL_CUSTOMER_FK",
          "column_names": ["CUSTOMER_ID"],
          "reference_table": "CUSTOMER",
          "reference_column": ["CUSTOMER_ID"]
        },
        {
          "name": "RENTAL_STAFF_FK",
          "column_names": ["STAFF_ID"],
          "reference_table": "STAFF",
          "reference_column": ["STAFF_ID"]
        }
      ],
      "indexes": []
    },
    "PAYMENT": {
      "columns": [
        {
          "name": "PAYMENT_ID",
          "type": "INTEGER",
          "nullable": false,
          "default": null,
          "autoincrement": true,
          "comment": null,
          "identity": {
            "start": 1,
            "increment": 1
          }
        },
        {
          "name": "CUSTOMER_ID",
          "type": "INTEGER",
          "nullable": false,
          "default": null,
          "autoincrement": false,
          "comment": "Foreign key referencing CUSTOMER_ID in CUSTOMER"
        },
        {
          "name": "STAFF_ID",
          "type": "INTEGER",
          "nullable": false,
          "default": null,
          "autoincrement": false,
          "comment": "Foreign key referencing STAFF_ID in STAFF"
        },
        {
          "name": "RENTAL_ID",
          "type": "INTEGER",
          "nullable": false,
          "default": null,
          "autoincrement": false,
          "comment": "Foreign key referencing RENTAL_ID in RENTAL"
        },
        {
          "name": "AMOUNT",
          "type": "DECIMAL(5,2)",
          "nullable": false,
          "default": null,
          "autoincrement": false,
          "comment": null
        },
        {
          "name": "PAYMENT_DATE",
          "type": "DATETIME",
          "nullable": false,
          "default": "GETDATE()",
          "autoincrement": false,
          "comment": null
        }
      ],
      "primary_keys": {
        "name": "PAYMENT_PK",
        "constrained_columns": ["PAYMENT_ID"]
      },
      "foreign_keys": [
        {
          "name": "PAYMENT_CUSTOMER_FK",
          "column_names": ["CUSTOMER_ID"],
          "reference_table": "CUSTOMER",
          "reference_column": ["CUSTOMER_ID"]
        },
        {
          "name": "PAYMENT_STAFF_FK",
          "column_names": ["STAFF_ID"],
          "reference_table": "STAFF",
          "reference_column": ["STAFF_ID"]
        },
        {
          "name": "PAYMENT_RENTAL_FK",
          "column_names": ["RENTAL_ID"],
          "reference_table": "RENTAL",
          "reference_column": ["RENTAL_ID"]
        }
      ],
      "indexes": []
    },
    "CUSTOMER": {
      "columns": [
        {
          "name": "CUSTOMER_ID",
          "type": "INTEGER",
          "nullable": false,
          "default": null,
          "autoincrement": true,
          "comment": null,
          "identity": {
            "start": 1,
            "increment": 1
          }
        },
        {
          "name": "STORE_ID",
          "type": "INTEGER",
          "nullable": false,
          "default": null,
          "autoincrement": false,
          "comment": "Foreign key referencing STORE_ID in STORE"
        },
        {
          "name": "FIRST_NAME",
          "type": "VARCHAR(45)",
          "nullable": false,
          "default": null,
          "autoincrement": false,
          "comment": null
        },
        {
          "name": "LAST_NAME",
          "type": "VARCHAR(45)",
          "nullable": false,
          "default": null,
          "autoincrement": false,
          "comment": null
        },
        {
          "name": "EMAIL",
          "type": "VARCHAR(50)",
          "nullable": true,
          "default": null,
          "autoincrement": false,
          "comment": null
        },
        {
          "name": "ADDRESS_ID",
          "type": "INTEGER",
          "nullable": false,
          "default": null,
          "autoincrement": false,
          "comment": "Foreign key referencing ADDRESS_ID in ADDRESS"
        },
        {
          "name": "ACTIVE",
          "type": "BOOLEAN",
          "nullable": false,
          "default": true,
          "autoincrement": false,
          "comment": null
        },
        {
          "name": "CREATE_DATE",
          "type": "DATETIME",
          "nullable": false,
          "default": "GETDATE()",
          "autoincrement": false,
          "comment": null
        },
        {
          "name": "LAST_UPDATE",
          "type": "DATETIME",
          "nullable": true,
          "default": "GETDATE()",
          "autoincrement": false,
          "comment": null
        }
      ],
      "primary_keys": {
        "name": "CUSTOMER_PK",
        "constrained_columns": ["CUSTOMER_ID"]
      },
      "foreign_keys": [
        {
          "name": "CUSTOMER_STORE_FK",
          "column_names": ["STORE_ID"],
          "reference_table": "STORE",
          "reference_column": ["STORE_ID"]
        },
        {
          "name": "CUSTOMER_ADDRESS_FK",
          "column_names": ["ADDRESS_ID"],
          "reference_table": "ADDRESS",
          "reference_column": ["ADDRESS_ID"]
        }
      ],
      "indexes": []
    },
    "STAFF": {
      "columns": [
        {
          "name": "STAFF_ID",
          "type": "INTEGER",
          "nullable": false,
          "default": null,
          "autoincrement": true,
          "comment": null,
          "identity": {
            "start": 1,
            "increment": 1
          }
        },
        {
          "name": "FIRST_NAME",
          "type": "VARCHAR(45)",
          "nullable": false,
          "default": null,
          "autoincrement": false,
          "comment": null
        },
        {
          "name": "LAST_NAME",
          "type": "VARCHAR(45)",
          "nullable": false,
          "default": null,
          "autoincrement": false,
          "comment": null
        },
        {
          "name": "ADDRESS_ID",
          "type": "INTEGER",
          "nullable": false,
          "default": null,
          "autoincrement": false,
          "comment": "Foreign key referencing ADDRESS_ID in ADDRESS"
        },
        {
          "name": "EMAIL",
          "type": "VARCHAR(50)",
          "nullable": true,
          "default": null,
          "autoincrement": false,
          "comment": null
        },
        {
          "name": "STORE_ID",
          "type": "INTEGER",
          "nullable": false,
          "default": null,
          "autoincrement": false,
          "comment": "Foreign key referencing STORE_ID in STORE"
        },
        {
          "name": "ACTIVE",
          "type": "BOOLEAN",
          "nullable": false,
          "default": true,
          "autoincrement": false,
          "comment": null
        },
        {
          "name": "USERNAME",
          "type": "VARCHAR(16)",
          "nullable": false,
          "default": null,
          "autoincrement": false,
          "comment": null
        },
        {
          "name": "PASSWORD",
          "type": "VARCHAR(40)",
          "nullable": true,
          "default": null,
          "autoincrement": false,
          "comment": null
        },
        {
          "name": "LAST_UPDATE",
          "type": "DATETIME",
          "nullable": false,
          "default": "GETDATE()",
          "autoincrement": false,
          "comment": null
        }
      ],
      "primary_keys": {
        "name": "STAFF_PK",
        "constrained_columns": ["STAFF_ID"]
      },
      "foreign_keys": [
        {
          "name": "STAFF_ADDRESS_FK",
          "column_names": ["ADDRESS_ID"],
          "reference_table": "ADDRESS",
          "reference_column": ["ADDRESS_ID"]
        },
        {
          "name": "STAFF_STORE_FK",
          "column_names": ["STORE_ID"],
          "reference_table": "STORE",
          "reference_column": ["STORE_ID"]
        }
      ],
      "indexes": []
    },
    "STORE": {
      "columns": [
        {
          "name": "STORE_ID",
          "type": "INTEGER",
          "nullable": false,
          "default": null,
          "autoincrement": true,
          "comment": null,
          "identity": {
            "start": 1,
            "increment": 1
          }
        },
        {
          "name": "MANAGER_STAFF_ID",
          "type": "INTEGER",
          "nullable": false,
          "default": null,
          "autoincrement": false,
          "comment": "Foreign key referencing STAFF_ID in STAFF"
        },
        {
          "name": "ADDRESS_ID",
          "type": "INTEGER",
          "nullable": false,
          "default": null,
          "autoincrement": false,
          "comment": "Foreign key referencing ADDRESS_ID in ADDRESS"
        },
        {
          "name": "LAST_UPDATE",
          "type": "DATETIME",
          "nullable": false,
          "default": "GETDATE()",
          "autoincrement": false,
          "comment": null
        }
      ],
      "primary_keys": {
        "name": "STORE_PK",
        "constrained_columns": ["STORE_ID"]
      },
      "foreign_keys": [
        {
          "name": "STORE_MANAGER_FK",
          "column_names": ["MANAGER_STAFF_ID"],
          "reference_table": "STAFF",
          "reference_column": ["STAFF_ID"]
        },
        {
          "name": "STORE_ADDRESS_FK",
          "column_names": ["ADDRESS_ID"],
          "reference_table": "ADDRESS",
          "reference_column": ["ADDRESS_ID"]
        }
      ],
      "indexes": []
    }
  }